LAST UPDATED,FREQUENCY,PERIOD BEGIN,PERIOD END,REGION ID,REGION TYPE,REGION NAME,HOMES SOLD NSA,HOMES SOLD NSA YOY (%),MEDIAN SALE PRICE NSA ($),MEDIAN SALE PRICE NSA YOY (%),MEDIAN DAYS ON MARKET NSA (DAYS),MEDIAN DAYS ON MARKET NSA YOY (%),NEW LISTINGS SA,NEW LISTINGS NSA,NEW LISTINGS SA YOY (%),NEW LISTINGS NSA YOY (%),ACTIVE LISTINGS SA,ACTIVE LISTINGS NSA,ACTIVE LISTINGS SA YOY (%),ACTIVE LISTINGS NSA YOY (%),PENDING SALES SA,PENDING SALES NSA,PENDING SALES SA YOY (%),PENDING SALES NSA YOY (%)
2026-06-02,Weekly,2026-04-27,2026-05-24,NA,Country,National,319306,4.36,399325,2.39,40,205.12,368732,436159,0.55,0.55,1496526,1544723,1.04,1,337104,382863,4.82,4.82
2026-06-02,Weekly,2026-04-20,2026-05-17,NA,Country,National,306304,1.84,397632,1.96,41,302.69,367934,442970,-0.65,-0.65,1495691,1539495,1.44,1.4,342288,387640,7.94,7.94
2026-06-02,Weekly,2026-04-13,2026-05-10,NA,Country,National,299547,1.6,394732,1.47,42,300.64,368894,440968,-1.93,2.75,1488665,1518803,1.18,1.89,345766,390780,9.49,9.49
2026-06-02,Weekly,2026-04-06,2026-05-03,NA,Country,National,292402,0.91,395000,1.83,43,300,369677,443667,-2.81,2.51,1464364,1481449,-0.12,0.73,336631,378471,6.64,6.65
2026-06-02,Weekly,2026-03-30,2026-04-26,NA,Country,National,277894,2.86,395000,2.6,45,400,376415,427791,-1.25,-0.59,1476170,1467738,1.01,1.12,332150,369001,5.13,5.13
2026-06-02,Weekly,2026-03-23,2026-04-19,NA,Country,National,277403,2.07,392900,1.79,47,500,378707,421926,0.51,0.51,1470820,1451350,1.58,1.6,327159,359438,1.5,1.5
2026-06-02,Weekly,2026-03-16,2026-04-12,NA,Country,National,270391,2.19,390000,1.3,49,600,378737,408519,1.14,-3.47,1460809,1426363,1.48,0.74,319937,349295,-1.17,-1.18
2026-06-02,Weekly,2026-03-09,2026-04-05,NA,Country,National,267183,0.88,390000,1.3,51,600,378755,397286,0.59,-4.65,1453024,1400424,1.61,0.7,323862,352370,0.58,0.57
2026-06-02,Weekly,2026-03-02,2026-03-29,NA,Country,National,248265,-1.98,390000,1.3,53,600,378411,403886,0.2,-0.41,1448243,1389648,2.06,2.09,325502,349298,1.87,1.88
2026-06-02,Weekly,2026-02-23,2026-03-22,NA,Country,National,255347,-1.51,387718,2.03,57,700,372666,392404,-1.49,-1.56,1441372,1379247,2.23,2.34,321927,342652,2.52,2.51
2026-06-02,Weekly,2026-02-16,2026-03-15,NA,Country,National,243802,-1.38,385000,1.32,60,800,371532,376652,-0.42,-0.4,1438710,1358173,2.78,2.92,319119,333118,3.4,3.4
2026-06-02,Weekly,2026-02-09,2026-03-08,NA,Country,National,237543,-1.11,383000,0.79,63,800,367457,359609,0.01,0.05,1429027,1333187,2.97,3.23,313918,318819,2.58,2.57
2026-06-02,Weekly,2026-02-02,2026-03-01,NA,Country,National,223821,-0.73,380000,0.53,66,900,359823,336674,-1.81,-1.83,1419945,1304622,2.99,3.2,308942,306060,1,1.01
2026-06-02,Weekly,2026-01-26,2026-02-22,NA,Country,National,203788,-1.21,380000,1.33,68,900,355324,319941,-3.35,-3.34,1415366,1293409,3.18,3.56,302596,291981,-1.53,-1.54
2026-06-02,Weekly,2026-01-19,2026-02-15,NA,Country,National,191745,-2.29,377000,0.53,68,800,354671,311606,-3.78,-3.81,1410524,1279587,3.36,3.7,302344,285649,-1.54,-1.53
2026-06-02,Weekly,2026-01-12,2026-02-08,NA,Country,National,190033,-1.7,375400,0.11,66,700,360159,309054,-3.32,-3.31,1408854,1268156,3.7,4.08,303409,280725,-0.96,-0.95
2026-06-02,Weekly,2026-01-05,2026-02-01,NA,Country,National,192543,-0.15,376888,0.5,64,700,365696,305429,-0.95,-1.03,1411610,1258614,4.69,5.16,302534,269442,1.01,0.97
2026-06-02,Weekly,2025-12-29,2026-01-25,NA,Country,National,191155,4.29,375000,0,63,700,372843,273136,1.11,-1,1419893,1266176,5.77,6.81,310657,246980,4.21,2.73
2026-06-02,Weekly,2025-12-22,2026-01-18,NA,Country,National,189785,3.06,375990,0.26,61,700,361346,223320,-0.29,-2.44,1415533,1239722,6.2,7.06,306323,213105,2.74,1.23
2026-06-02,Weekly,2025-12-15,2026-01-11,NA,Country,National,214657,1.58,380000,0.53,59,700,355845,189524,-2.7,-4.52,1414144,1237593,6.34,7.3,306937,199088,0.1,-1.35
2026-06-02,Weekly,2025-12-08,2026-01-04,NA,Country,National,230652,0.29,380000,0.03,57,700,340690,169418,-7.43,-7.67,1415616,1240456,6.55,7.31,304725,200098,-3.18,-3.17
2026-06-02,Weekly,2025-12-01,2025-12-28,NA,Country,National,245647,-0.29,385000,0.65,55,600,346521,193633,-5.5,-3.18,1428470,1285640,7.43,8.52,298237,216339,-3.96,-2.56
2026-06-02,Weekly,2025-11-24,2025-12-21,NA,Country,National,261257,0.55,385000,1.32,54,600,344941,208929,-5.69,-3.71,1434571,1329587,7.88,8.59,301190,232079,-3.49,-2.05
2026-06-02,Weekly,2025-11-17,2025-12-14,NA,Country,National,258497,2.2,385000,1.32,52,600,343794,229129,-5.48,-3.61,1438004,1368037,8.36,8.82,304355,247861,-2.97,-1.55
2026-06-02,Weekly,2025-11-10,2025-12-07,NA,Country,National,257003,2.3,386000,1.34,51,600,353848,248648,-2.38,-2.32,1441308,1396482,9.01,9.27,312477,259681,-0.13,-0.14
2026-06-02,Weekly,2025-11-03,2025-11-30,NA,Country,National,250830,1.6,387500,1.97,50,600,358609,263015,0,0.03,1446485,1416814,9.8,9.97,322767,273517,0.95,0.97
2026-06-02,Weekly,2025-10-27,2025-11-23,NA,Country,National,277174,0.55,390000,1.3,49,500,358385,299921,1.1,1.06,1453079,1472336,10.27,10.24,323683,296136,1.52,1.52
2026-06-02,Weekly,2025-10-20,2025-11-16,NA,Country,National,269340,-0.57,390000,1.3,49,600,360844,315214,3.16,3.19,1454250,1488148,10.87,10.58,324370,301073,2.95,2.94
2026-06-02,Weekly,2025-10-13,2025-11-09,NA,Country,National,269748,-0.49,390000,1.3,49,600,359707,324654,3.34,3.33,1455097,1496923,11.18,10.81,326801,304655,3.62,3.63
2026-06-02,Weekly,2025-10-06,2025-11-02,NA,Country,National,268970,-0.01,390000,1.3,49,700,360943,332994,3.89,3.84,1457919,1502042,11.27,10.79,327667,308102,4,4
2026-06-02,Weekly,2025-09-29,2025-10-26,NA,Country,National,273016,4.05,390000,1.3,49,700,364679,346691,4.16,4.24,1465457,1525136,11.66,11.31,327125,312515,4.07,4.08
2026-06-02,Weekly,2025-09-22,2025-10-19,NA,Country,National,280537,4.33,389990,1.38,48,600,362420,349144,3.56,3.52,1463725,1528588,11.78,11.18,327377,313748,3.06,3.06
2026-06-02,Weekly,2025-09-15,2025-10-12,NA,Country,National,287847,5.18,389000,2.1,48,700,362722,355472,3.06,3.08,1463985,1532169,12.08,11.51,326026,318221,2.33,2.34
2026-06-02,Weekly,2025-09-08,2025-10-05,NA,Country,National,289914,4.34,389000,2.37,48,700,360901,361260,1.25,1.22,1461590,1530669,12.09,11.41,321282,320845,1.94,1.92
2026-06-02,Weekly,2025-09-01,2025-09-28,NA,Country,National,262181,2.35,389203,2.42,47,600,360428,361365,1.23,1.25,1462348,1522351,12.6,12.06,320599,313868,2.05,2.06
2026-06-02,Weekly,2025-08-25,2025-09-21,NA,Country,National,283937,3.75,389900,2.36,46,600,358225,357466,0.06,0.05,1463016,1535347,12.96,12.29,315702,316714,2.49,2.48
2026-06-02,Weekly,2025-08-18,2025-09-14,NA,Country,National,285307,3.59,390000,1.56,46,700,356243,354186,0.01,0,1463303,1534777,13.6,12.91,314495,318604,3.67,3.67
2026-06-02,Weekly,2025-08-11,2025-09-07,NA,Country,National,294382,3.22,390000,1.3,45,700,355462,351811,0.2,0.19,1463045,1533585,14,13.25,314467,320711,3.77,3.76
2026-06-02,Weekly,2025-08-04,2025-08-31,NA,Country,National,302335,2.75,390000,1.3,45,700,353841,352385,0.31,0.33,1463529,1532545,14.5,13.7,314944,330701,4.26,4.26
2026-06-02,Weekly,2025-07-28,2025-08-24,NA,Country,National,297790,2.05,393000,1.42,44,700,353081,362477,0.83,0.82,1467535,1553937,15.13,14.25,316308,333536,4.07,4.07
2026-06-02,Weekly,2025-07-21,2025-08-17,NA,Country,National,298486,0.37,393000,1.73,43,600,352941,366433,1.45,1.46,1467739,1557594,15.66,14.62,317451,336402,3.58,3.58
2026-06-02,Weekly,2025-07-14,2025-08-10,NA,Country,National,301067,0.55,394900,2.17,42,600,352465,373452,1.55,1.54,1468320,1561404,16.13,15.03,319061,340673,3.44,3.45
2026-06-02,Weekly,2025-07-07,2025-08-03,NA,Country,National,307658,-0.87,395000,1.94,42,700,353038,387458,1.6,1.63,1469071,1560446,16.56,15.27,317097,339359,2.71,2.71
2026-06-02,Weekly,2025-06-30,2025-07-27,NA,Country,National,295358,7.17,396850,1.78,41,600,349951,371297,2.54,2.5,1476951,1560435,17.67,16.8,317978,331404,2.32,3.5
2026-06-02,Weekly,2025-06-23,2025-07-20,NA,Country,National,310402,2.83,399000,2.31,40,600,350139,377557,1.95,1.98,1474334,1564064,17.58,16.35,317423,333689,2.25,2.25
2026-06-02,Weekly,2025-06-16,2025-07-13,NA,Country,National,308587,3.34,399900,1.81,39,500,348403,381166,2.06,2.07,1473432,1556785,17.76,16.66,316014,330161,1.25,1.25
2026-06-02,Weekly,2025-06-09,2025-07-06,NA,Country,National,310501,3.6,399900,1.24,39,500,346893,378360,1.77,1.7,1472332,1543515,17.92,16.88,317357,335289,0.36,0.37
2026-06-02,Weekly,2025-06-02,2025-06-29,NA,Country,National,305587,-4.39,399000,1.08,38,400,352637,409603,1.8,1.87,1475931,1560923,17.96,16.85,317966,347538,0.53,-0.63
2026-06-02,Weekly,2025-05-26,2025-06-22,NA,Country,National,304557,0.53,399000,1.27,38,500,352148,409976,2.56,2.5,1478760,1557963,18.49,17.41,318629,342763,0.24,0.24
2026-06-02,Weekly,2025-05-19,2025-06-15,NA,Country,National,306203,-0.95,395000,1.28,38,500,356688,408218,3.71,3.71,1480044,1550186,18.81,17.81,320806,351218,1.36,1.37
2026-06-02,Weekly,2025-05-12,2025-06-08,NA,Country,National,307407,-0.5,395000,1.28,38,500,360835,419493,5.43,5.48,1480597,1541662,19.19,18.29,320994,352475,1.84,1.83
2026-06-02,Weekly,2025-05-05,2025-06-01,NA,Country,National,300434,-0.48,390000,0.26,38,500,361562,417797,6.37,6.33,1479731,1524451,19.36,18.6,321861,353236,2.28,2.28
2026-06-02,Weekly,2025-04-28,2025-05-25,NA,Country,National,305955,0.16,390000,1.04,38,400,366703,433759,7.09,7.11,1481167,1529364,19.5,18.93,321592,365245,2.59,2.6
2026-06-02,Weekly,2025-04-21,2025-05-18,NA,Country,National,300756,0.5,389999,1.3,38,400,370334,445859,8.59,8.57,1474429,1518233,19.37,18.6,317120,359137,0.67,0.66
2026-06-02,Weekly,2025-04-14,2025-05-11,NA,Country,National,294841,-0.01,389000,1.3,39,400,376146,429157,10.16,5.15,1471353,1490607,19.37,18.06,315809,356918,-0.69,-0.68
2026-06-02,Weekly,2025-04-07,2025-05-04,NA,Country,National,289777,-0.71,387900,1.81,40,500,380359,432804,11.64,5.85,1466128,1470774,19.17,17.84,315656,354883,-1.37,-1.37
2026-06-02,Weekly,2025-03-31,2025-04-27,NA,Country,National,270166,1.21,385000,1.32,41,600,381162,430311,12.19,6.42,1461444,1451457,19.58,18.73,315942,350994,-1.27,-0.14
2026-06-02,Weekly,2025-03-24,2025-04-20,NA,Country,National,271772,-1.56,386000,1.58,42,600,376775,419774,10.1,9.35,1447906,1428436,18.13,18.11,322315,354116,2.21,2.23
2026-06-02,Weekly,2025-03-17,2025-04-13,NA,Country,National,264602,-1.42,385000,2.39,43,600,374473,423194,8.32,13.44,1439488,1415913,17.58,19.03,323738,353455,3,2.99
2026-06-02,Weekly,2025-03-10,2025-04-06,NA,Country,National,264861,-1.3,385000,2.67,45,600,376530,416639,7.5,13.4,1429989,1390632,16.94,18.72,321995,350370,3.15,3.15
2026-06-02,Weekly,2025-03-03,2025-03-30,NA,Country,National,253287,-3.92,384990,2.67,47,700,377647,405551,7.96,13.89,1419079,1361219,16.59,18.72,319540,342844,1.94,0.78
2026-06-02,Weekly,2025-02-24,2025-03-23,NA,Country,National,259266,-1.15,380000,2.15,50,800,378298,398609,7.31,8.02,1409926,1347706,15.78,16.84,314002,334265,-1.53,-1.53
2026-06-02,Weekly,2025-02-17,2025-03-16,NA,Country,National,247202,-1.33,380000,2.7,52,800,373091,378172,6.05,6.06,1399773,1319683,15.34,16.44,308639,322158,-2.24,-2.24
2026-06-02,Weekly,2025-02-10,2025-03-09,NA,Country,National,240220,-1.34,380000,2.7,55,800,367434,359433,4.39,4.39,1387762,1291425,14.81,16.07,306032,310826,-2.85,-2.85
2026-06-02,Weekly,2025-02-03,2025-03-02,NA,Country,National,225471,-2.52,378000,2.72,57,800,366447,342958,3.78,3.77,1378768,1264180,14.32,15.73,305891,303010,-3.06,-3.05
2026-06-02,Weekly,2025-01-27,2025-02-23,NA,Country,National,206288,-1.4,375000,2.74,59,900,367645,330986,3.79,3.81,1371720,1248949,14.14,15.86,307289,296533,-2.49,-2.49
2026-06-02,Weekly,2025-01-20,2025-02-16,NA,Country,National,196238,-3.75,375000,3.62,60,800,368609,323960,5.38,5.29,1364692,1233963,14.04,15.7,307069,290099,-2.76,-2.78
2026-06-02,Weekly,2025-01-13,2025-02-09,NA,Country,National,193329,2.45,375000,4.17,59,800,372543,319618,8.71,8.82,1358600,1218445,14.26,16.22,306351,283409,-2.05,-2.02
2026-06-02,Weekly,2025-01-06,2025-02-02,NA,Country,National,192833,2.72,375000,4.17,57,700,369202,308603,8.22,8.07,1348429,1196899,13.98,15.76,299523,266863,-4,-4.04
2026-06-02,Weekly,2024-12-30,2025-01-26,NA,Country,National,183299,11.26,375000,4.2,56,700,368756,275883,8.02,3.51,1342430,1185423,14.6,17.39,298101,240409,-3.63,-5.28
2026-06-02,Weekly,2024-12-23,2025-01-19,NA,Country,National,184142,8.39,375000,4.2,54,700,362405,228907,5.32,0.65,1332953,1157926,13.82,16.01,298141,210520,-2.82,-5.66
2026-06-02,Weekly,2024-12-16,2025-01-12,NA,Country,National,211313,10.12,378000,5.29,52,700,365710,198496,3.59,-0.43,1329781,1153384,13.56,15.94,306639,201813,-1.36,-4.21
2026-06-02,Weekly,2024-12-09,2025-01-05,NA,Country,National,229978,9.75,379900,5.53,50,700,368018,183482,2.38,0.08,1328537,1155983,14.14,16.27,314726,206642,2.48,1.03
2026-06-02,Weekly,2024-12-02,2024-12-29,NA,Country,National,246362,7.44,382500,6.25,49,700,366677,199997,5.24,10.25,1329653,1184658,15.67,18.22,310543,222030,1.3,3.07
2026-06-02,Weekly,2024-11-25,2024-12-22,NA,Country,National,259818,2.81,380000,5.56,48,700,365734,216990,3.98,0.14,1329795,1224430,16.35,16.37,312072,236941,2.92,0.34
2026-06-02,Weekly,2024-11-18,2024-12-15,NA,Country,National,252925,9.5,380000,5.56,46,700,363709,237714,4.52,8.79,1327101,1257198,16.87,18.02,313685,251759,5.67,8.82
2026-06-02,Weekly,2024-11-11,2024-12-08,NA,Country,National,251223,6.5,380900,5.81,45,700,362471,254553,6.26,8.58,1322184,1278030,17.05,17.68,312890,260051,7.1,8.65
2026-06-02,Weekly,2024-11-04,2024-12-01,NA,Country,National,246889,6.31,380000,5.56,44,700,358606,262931,3.46,3.45,1317416,1288329,17.13,17.38,319722,270882,10.83,10.87
2026-06-02,Weekly,2024-10-28,2024-11-24,NA,Country,National,275656,20.25,385000,6.65,44,800,354479,296771,1.96,10.55,1317714,1335561,18.27,19.95,318823,291709,9.98,16.19
2026-06-02,Weekly,2024-10-21,2024-11-17,NA,Country,National,270882,6.91,385000,5.48,43,700,349790,305456,0.61,0.6,1311715,1345825,18.02,17.4,315086,292480,8.56,8.54
2026-06-02,Weekly,2024-10-14,2024-11-10,NA,Country,National,271073,8.22,385000,5.48,43,800,348073,314186,0.06,0.06,1308831,1350937,18.26,17.46,315374,293974,8.72,8.73
2026-06-02,Weekly,2024-10-07,2024-11-03,NA,Country,National,269000,5.35,385000,5.48,42,700,347443,320669,1.16,1.09,1310215,1355771,19.57,18.64,315065,296259,8.49,8.5
2026-06-02,Weekly,2024-09-30,2024-10-27,NA,Country,National,262391,7.46,385000,5.48,42,700,350108,332602,2.98,3.1,1312415,1370113,21.12,20.38,314321,300273,7.18,8.41
2026-06-02,Weekly,2024-09-23,2024-10-20,NA,Country,National,268890,1.92,384665,5.24,42,800,349956,337260,2.22,2.14,1309508,1374901,21.27,19.96,317659,304435,7.25,7.26
2026-06-02,Weekly,2024-09-16,2024-10-13,NA,Country,National,273658,3.09,381000,4.38,41,700,351964,344867,3.28,3.26,1306189,1373983,21.54,20.26,318605,310945,7.07,7.07
2026-06-02,Weekly,2024-09-09,2024-10-06,NA,Country,National,277865,-0.19,380000,3.83,41,700,356428,356915,5.28,5.33,1303984,1373891,22.01,20.65,315168,314812,5.67,5.65
2026-06-02,Weekly,2024-09-02,2024-09-29,NA,Country,National,256154,-6.45,380000,3.4,41,800,356066,356899,5.17,5.14,1298694,1358550,22.07,20.84,314156,307523,4.86,3.69
2026-06-02,Weekly,2024-08-26,2024-09-22,NA,Country,National,273666,-1.92,380900,2.95,40,700,357999,357273,6.42,6.46,1295112,1367317,22.69,21.34,308042,309041,0.33,0.32
2026-06-02,Weekly,2024-08-19,2024-09-15,NA,Country,National,275423,-3.48,384000,3.78,39,700,356220,354173,5.17,5.15,1288172,1359281,22.48,21.03,303363,307318,-3.15,-3.16
2026-06-02,Weekly,2024-08-12,2024-09-08,NA,Country,National,285212,-2.14,385000,2.69,38,600,354764,351136,4.52,4.52,1283352,1354154,22.65,21.21,303055,309075,-3.98,-3.98
2026-06-02,Weekly,2024-08-05,2024-09-01,NA,Country,National,294247,-2.68,385000,2.67,38,600,352744,351243,4.14,4.16,1278138,1347840,22.75,21.21,302077,317189,-3.95,-3.95
2026-06-02,Weekly,2024-07-29,2024-08-25,NA,Country,National,291801,-0.05,387500,3.33,37,600,350160,359534,3.27,3.27,1274663,1360133,22.97,21.38,303940,320493,-2.42,-2.42
2026-06-02,Weekly,2024-07-22,2024-08-18,NA,Country,National,297379,-0.96,386303,3.01,37,600,347895,361163,3.19,3.17,1269039,1358937,23.1,21.22,306466,324778,-1.69,-1.7
2026-06-02,Weekly,2024-07-15,2024-08-11,NA,Country,National,299414,-0.04,386500,3.07,36,600,347097,367796,3.74,3.68,1264350,1357345,23.06,21.14,308460,329318,-2.03,-2.01
2026-06-02,Weekly,2024-07-08,2024-08-04,NA,Country,National,310361,0.65,387500,3.33,35,500,347486,381246,4.74,4.88,1260321,1353733,22.99,20.9,308721,330414,-3.49,-3.51
2026-06-02,Weekly,2024-07-01,2024-07-28,NA,Country,National,275597,-2.51,389900,3.97,35,600,341271,362232,3.46,3.28,1255155,1335997,23.16,21.65,310781,320195,-2.83,-2.81
2026-06-02,Weekly,2024-06-24,2024-07-21,NA,Country,National,301855,-1.59,390000,2.9,34,500,343456,370220,5.21,5.33,1253941,1344283,23.19,21.31,310447,326345,-2.82,-2.83
2026-06-02,Weekly,2024-06-17,2024-07-14,NA,Country,National,298615,-1.61,392800,3.4,34,500,341380,373426,5.73,5.74,1251165,1334427,22.8,21.09,312098,326094,-2.81,-2.82
2026-06-02,Weekly,2024-06-10,2024-07-07,NA,Country,National,299721,-3.12,395000,3.95,34,500,340861,372042,6.3,6.13,1248541,1320652,22.23,20.52,316232,334063,-1.08,-1.07
2026-06-02,Weekly,2024-06-03,2024-06-30,NA,Country,National,319633,-1.96,394725,3.88,34,500,346415,402069,8.81,9.06,1251177,1335884,22.63,21.08,316296,349755,-1.52,-1.53
2026-06-02,Weekly,2024-05-27,2024-06-23,NA,Country,National,302940,-0.77,394000,3.96,33,400,343348,399963,7.4,7.25,1248033,1326900,22.13,20.54,317859,341943,-1.19,-1.18
2026-06-02,Weekly,2024-05-20,2024-06-16,NA,Country,National,309133,-2.24,390000,3.17,33,400,343913,393597,7.08,7.12,1245683,1315849,21.34,20,316496,346474,-0.77,-0.77
2026-06-02,Weekly,2024-05-13,2024-06-09,NA,Country,National,308961,-0.86,390000,3.95,33,300,342252,397703,6.41,6.47,1242253,1303263,20.5,19.34,315200,346143,-0.9,-0.91
2026-06-02,Weekly,2024-05-06,2024-06-02,NA,Country,National,301877,-1.65,389000,3.73,33,300,339899,392910,6.43,6.34,1239695,1285375,19.92,18.92,314689,345351,-1.31,-1.29
2026-06-02,Weekly,2024-04-29,2024-05-26,NA,Country,National,305463,4.5,386000,2.93,34,300,342436,404965,7.39,7.47,1239480,1285923,20,19.44,313474,355998,-1.88,-0.74
2026-06-02,Weekly,2024-04-22,2024-05-19,NA,Country,National,299271,0.05,385000,4.05,34,200,341035,410678,7.99,7.93,1235147,1280168,19.1,18.12,315001,356772,-1.65,-1.65
2026-06-02,Weekly,2024-04-15,2024-05-12,NA,Country,National,294884,1.55,384000,4.07,35,200,341449,408134,9.33,9.34,1232636,1262603,18.13,17.62,317989,359366,-1.9,-1.91
2026-06-02,Weekly,2024-04-08,2024-05-05,NA,Country,National,291850,-0.11,381000,4.24,35,100,340686,408902,8.63,8.63,1230279,1248065,17.52,17.33,320041,359817,-0.68,-0.68
2026-06-02,Weekly,2024-04-01,2024-04-28,NA,Country,National,266947,-5.55,380000,4.11,35,0,339742,404336,9.51,14.77,1222154,1222474,16,17.12,320000,351469,0.14,-1
2026-06-02,Weekly,2024-03-25,2024-04-21,NA,Country,National,276067,0.03,380000,4.14,36,0,342225,383876,9.47,10.18,1225705,1209369,15.48,15.89,315345,346396,-1.1,-1.1
2026-06-02,Weekly,2024-03-18,2024-04-14,NA,Country,National,268425,-0.83,376000,4.44,37,-100,345714,373065,10.36,10.29,1224228,1189544,14.6,15.1,314312,343202,0.16,0.17
2026-06-02,Weekly,2024-03-11,2024-04-07,NA,Country,National,268362,0.65,375000,4.17,39,0,350249,367415,13.71,13.79,1222795,1171341,14.24,15.05,312148,339666,-0.46,-0.47
2026-06-02,Weekly,2024-03-04,2024-03-31,NA,Country,National,263626,-1.32,374990,4.47,40,-100,349800,356102,13.62,8.4,1217128,1146618,12.69,12.18,313472,340176,0.16,0.17
2026-06-02,Weekly,2024-02-26,2024-03-24,NA,Country,National,262274,-1.4,372000,4.79,42,-100,352528,369021,15.29,14.55,1217713,1153446,12.15,12.93,318867,339465,1.79,1.79
2026-06-02,Weekly,2024-02-19,2024-03-17,NA,Country,National,250529,-3.19,370000,4.23,44,-100,351815,356555,14.83,14.82,1213560,1133336,10.89,11.75,315703,329541,-1.52,-1.53
2026-06-02,Weekly,2024-02-12,2024-03-10,NA,Country,National,243481,-3.69,370000,5.71,47,-100,351991,344324,13.73,13.74,1208779,1112651,9.4,10.21,314994,319935,-2.7,-2.7
2026-06-02,Weekly,2024-02-05,2024-03-03,NA,Country,National,231301,-3.27,368000,5.14,49,-100,353092,330495,13.26,13.21,1206066,1092372,8.27,9.14,315543,312542,-3.3,-3.29
2026-06-02,Weekly,2024-01-29,2024-02-25,NA,Country,National,209216,-1.66,365000,5.64,50,-200,354232,318835,12.87,12.94,1201739,1077984,6.94,7.89,315143,304120,-4.46,-4.47
2026-06-02,Weekly,2024-01-22,2024-02-18,NA,Country,National,203893,0.49,361915,5.58,52,-200,349790,307690,10.41,10.35,1196695,1066482,5.87,6.64,315794,298388,-2.84,-2.83
2026-06-02,Weekly,2024-01-15,2024-02-11,NA,Country,National,188705,1.02,360000,5.88,51,-300,342704,293726,7.82,7.86,1189084,1048413,4.61,5.26,312754,289246,-3.83,-3.81
2026-06-02,Weekly,2024-01-08,2024-02-04,NA,Country,National,187734,0.96,360000,5.88,50,-300,341168,285563,7.17,7.05,1183017,1033986,3.8,4.31,312000,278093,-4.2,-4.24
2026-06-02,Weekly,2024-01-01,2024-01-28,NA,Country,National,164742,-2.17,359900,5.85,49,-200,341382,266532,7.94,5.81,1171361,1009797,2.81,3.47,309336,253821,-2.98,-4.32
2026-06-02,Weekly,2023-12-25,2024-01-21,NA,Country,National,169887,-5.43,359900,4.62,47,-200,344099,227419,7.47,4.77,1171110,998096,2.26,2.44,306799,223158,-2.79,-4.27
2026-06-02,Weekly,2023-12-18,2024-01-14,NA,Country,National,191893,-2.44,359000,4.06,45,-300,353037,199359,11.85,9.75,1171028,994834,2.4,2.98,310857,210691,1.92,0.46
2026-06-02,Weekly,2023-12-11,2024-01-07,NA,Country,National,209546,-3.18,360000,4.27,43,-300,359478,183339,13.24,10.92,1163928,994248,2.03,2.23,307102,204531,2,0.54
2026-06-02,Weekly,2023-12-04,2023-12-31,NA,Country,National,229306,-3.05,360000,4.35,42,-200,348421,181396,8.64,11.01,1149488,1002039,1.2,1.41,306567,215425,-1.54,-0.12
2026-06-02,Weekly,2023-11-27,2023-12-24,NA,Country,National,252724,-1.93,360000,3.45,41,-200,351726,216680,10.26,12.91,1142969,1052193,1.01,1.21,303214,236139,-2.38,-0.92
2026-06-02,Weekly,2023-11-20,2023-12-17,NA,Country,National,230988,-4.62,360000,3.18,39,-300,347987,218501,7.25,9.41,1135495,1065237,0.11,0.11,296865,231346,-5.3,-3.9
2026-06-02,Weekly,2023-11-13,2023-12-10,NA,Country,National,235885,-5.85,360000,2.89,38,-300,341123,234438,5.78,7.93,1129567,1086032,-0.77,-0.87,292143,239353,-6.19,-4.83
2026-06-02,Weekly,2023-11-06,2023-12-03,NA,Country,National,232230,-5.51,360000,2.86,37,-300,346603,254152,9.38,9.5,1124701,1097616,-1.34,-1.41,288476,244332,-3.78,-3.75
2026-06-02,Weekly,2023-10-30,2023-11-26,NA,Country,National,229243,-3.92,361000,3.14,36,-300,347651,268459,8.43,8.4,1114177,1113446,-2.38,-2.29,289892,251057,-3.54,-3.53
2026-06-02,Weekly,2023-10-23,2023-11-19,NA,Country,National,253377,-6.5,365000,4.29,36,-300,347682,303620,7.02,7.01,1111470,1146334,-3.1,-3.03,290230,269471,-5.22,-5.23
2026-06-02,Weekly,2023-10-16,2023-11-12,NA,Country,National,250478,-6.18,365000,4.29,35,-400,347864,313990,5.64,5.68,1106759,1150111,-3.96,-3.81,290084,270366,-5.42,-5.4
2026-06-02,Weekly,2023-10-09,2023-11-05,NA,Country,National,255332,-9.41,365000,3.69,35,-300,343460,317199,2.27,2.19,1095771,1142741,-5.38,-5.27,290397,273055,-6.54,-6.55
2026-06-02,Weekly,2023-10-02,2023-10-29,NA,Country,National,244182,-13.86,365000,2.82,35,-300,339970,322598,0.97,1.02,1083531,1138159,-6.54,-6.15,293274,276986,-6.61,-6.62
2026-06-02,Weekly,2023-09-25,2023-10-22,NA,Country,National,263824,-12.88,365500,2.4,34,-400,342372,330208,0.87,0.88,1079805,1146170,-7.33,-6.94,296176,283835,-5.39,-5.38
2026-06-02,Weekly,2023-09-18,2023-10-15,NA,Country,National,265465,-14.05,365000,1.81,34,-300,340773,333965,-0.37,-0.38,1074670,1142503,-8.26,-7.78,297575,290400,-6.42,-6.41
2026-06-02,Weekly,2023-09-11,2023-10-08,NA,Country,National,278402,-13.78,366000,1.95,34,-200,338556,338848,-1.6,-1.6,1068709,1138784,-9.37,-8.9,298249,297970,-9.5,-9.52
2026-06-02,Weekly,2023-09-04,2023-10-01,NA,Country,National,273814,-12.97,367500,2.11,33,-300,338564,339451,-2.57,-2.54,1063894,1124283,-10.25,-9.7,299593,296583,-10.49,-10.47
2026-06-02,Weekly,2023-08-28,2023-09-24,NA,Country,National,279035,-13.38,370000,2.78,33,-200,336396,335602,-4.79,-4.83,1055584,1126843,-11.52,-10.9,307026,308055,-10.82,-10.83
2026-06-02,Weekly,2023-08-21,2023-09-17,NA,Country,National,285347,-13.32,370000,2.78,32,-200,338706,336841,-5.14,-5.14,1051745,1123061,-12.31,-11.61,313229,317332,-10.36,-10.36
2026-06-02,Weekly,2023-08-14,2023-09-10,NA,Country,National,291459,-12.61,374900,4.14,32,-100,339433,335967,-6.02,-5.99,1046366,1117192,-13.18,-12.45,315618,321872,-10.31,-10.3
2026-06-02,Weekly,2023-08-07,2023-09-03,NA,Country,National,302356,-12.78,375000,4.17,32,0,338729,337218,-7.94,-7.97,1041227,1112013,-13.94,-13.25,314512,330246,-12.34,-12.35
2026-06-02,Weekly,2023-07-31,2023-08-27,NA,Country,National,291952,-9.15,375000,4.17,31,100,339074,348145,-9.22,-9.2,1036536,1120527,-14.22,-13.15,311476,328437,-14.15,-13.16
2026-06-02,Weekly,2023-07-24,2023-08-20,NA,Country,National,300270,-11.95,375000,3.59,31,200,337137,350054,-11.58,-11.58,1030887,1121095,-15.03,-14.05,311724,330383,-14.12,-14.12
2026-06-02,Weekly,2023-07-17,2023-08-13,NA,Country,National,299540,-11.62,375000,3.02,30,200,334590,354726,-13.71,-13.75,1027448,1120435,-15.35,-14.25,314837,336063,-12.45,-12.45
2026-06-02,Weekly,2023-07-10,2023-08-06,NA,Country,National,308349,-12.22,375000,2.74,30,200,331765,363520,-15.67,-15.55,1024728,1119693,-15.5,-14.4,319890,342439,-11.57,-11.57
2026-06-02,Weekly,2023-07-03,2023-07-30,NA,Country,National,282700,-18.14,375000,2.74,29,200,329861,350714,-19.3,-19.44,1019162,1098210,-15.59,-14.58,319821,329449,-11.77,-12.77
2026-06-02,Weekly,2023-06-26,2023-07-23,NA,Country,National,306729,-15.7,379000,2.43,29,300,326451,351501,-20.76,-20.67,1017862,1108134,-15.41,-14.34,319465,335839,-13.03,-13.03
2026-06-02,Weekly,2023-06-19,2023-07-16,NA,Country,National,303498,-17.17,379900,1.31,29,300,322867,353168,-23.73,-23.74,1018877,1101994,-14.85,-13.89,321106,335555,-13.02,-13.03
2026-06-02,Weekly,2023-06-12,2023-07-09,NA,Country,National,309379,-17.36,380000,1.07,29,400,320646,350542,-25.64,-25.73,1021433,1095795,-13.99,-13.24,319695,337661,-12.92,-12.91
2026-06-02,Weekly,2023-06-05,2023-07-02,NA,Country,National,326015,-16.73,380000,0,29,500,318376,368663,-24.53,-24.38,1020322,1103277,-12.91,-11.97,321166,355174,-12.6,-12.61
2026-06-02,Weekly,2023-05-29,2023-06-25,NA,Country,National,305306,-16.69,379000,-0.39,29,600,319689,372925,-24.98,-25.07,1021903,1100821,-11.83,-11.12,321675,346036,-12.36,-12.35
2026-06-02,Weekly,2023-05-22,2023-06-18,NA,Country,National,316201,-18.23,378000,-0.87,29,600,321179,367452,-23.43,-23.4,1026568,1096536,-10.25,-9.66,318956,349159,-14.27,-14.28
2026-06-02,Weekly,2023-05-15,2023-06-11,NA,Country,National,311631,-18.44,375165,-1.27,30,800,321631,373532,-22.73,-22.67,1030878,1092083,-8.77,-8.31,318078,349333,-15.55,-15.57
2026-06-02,Weekly,2023-05-08,2023-06-04,NA,Country,National,306932,-19.67,375000,-1.32,30,800,319356,369479,-24.17,-24.28,1033767,1080892,-7.52,-7.27,318852,349881,-15.35,-15.34
2026-06-02,Weekly,2023-05-01,2023-05-28,NA,Country,National,292303,-21.95,375000,-1.32,31,900,318885,376816,-22.67,-22.57,1032922,1076617,-6.46,-6.07,319469,358644,-15.73,-15.72
2026-06-02,Weekly,2023-04-24,2023-05-21,NA,Country,National,299113,-21.36,370000,-2.63,32,900,315815,380516,-23.48,-23.52,1037041,1083812,-5.56,-5.5,320270,362763,-16.07,-16.1
2026-06-02,Weekly,2023-04-17,2023-05-14,NA,Country,National,290387,-22.31,369000,-2.34,33,1000,312318,373281,-23.69,-23.72,1043482,1073477,-3.81,-3.61,324141,366357,-13.53,-13.51
2026-06-02,Weekly,2023-04-10,2023-05-07,NA,Country,National,292181,-21.13,365500,-2.79,34,1100,313626,376413,-22.03,-18.21,1046849,1063691,-2.69,-1.63,322236,362270,-14.21,-14.2
2026-06-02,Weekly,2023-04-03,2023-04-30,NA,Country,National,282638,-21.73,365000,-2.67,35,1100,310227,352306,-23.12,-22.67,1053584,1043816,-1.45,-1.44,319545,355037,-15.28,-15.3
2026-06-02,Weekly,2023-03-27,2023-04-23,NA,Country,National,275976,-22.13,364900,-2.28,36,1200,312617,348403,-21.77,-21.78,1061359,1043579,0.2,0.21,318862,350250,-14.76,-14.75
2026-06-02,Weekly,2023-03-20,2023-04-16,NA,Country,National,270684,-22.24,360000,-2.7,38,1300,313267,338247,-20.68,-20.68,1068295,1033518,1.64,1.84,313798,342607,-16.95,-16.97
2026-06-02,Weekly,2023-03-13,2023-04-09,NA,Country,National,266617,-22.86,360000,-2.17,39,1300,308033,322878,-21.19,-24.78,1070344,1018157,1.99,0.87,313586,341266,-16.71,-16.71
2026-06-02,Weekly,2023-03-06,2023-04-02,NA,Country,National,267142,-22.13,358950,-1.66,41,1400,307873,328506,-20.65,-21.16,1080075,1022084,3.37,3.39,312963,339608,-16.37,-16.36
2026-06-02,Weekly,2023-02-27,2023-03-26,NA,Country,National,266004,-20.27,355000,-1.39,43,1500,305773,322143,-21.27,-21.28,1085794,1021346,4.36,4.75,313248,333489,-16.53,-16.54
2026-06-02,Weekly,2023-02-20,2023-03-19,NA,Country,National,258778,-21.05,355000,-1.11,45,1500,306380,310524,-21.47,-21.48,1094416,1014165,5.21,5.64,320589,334664,-14.55,-14.55
2026-06-02,Weekly,2023-02-13,2023-03-12,NA,Country,National,252808,-21.36,350000,-1.41,48,1700,309491,302739,-21.06,-21.04,1104907,1009562,6.25,6.84,323732,328813,-14.26,-14.27
2026-06-02,Weekly,2023-02-06,2023-03-05,NA,Country,National,239108,-22.58,350000,0,50,1700,311758,291930,-20.76,-20.79,1113961,1000897,7.43,8.22,326297,323160,-13.51,-13.51
2026-06-02,Weekly,2023-01-30,2023-02-26,NA,Country,National,212748,-24.92,345500,-0.14,52,1800,313847,282298,-19.22,-19.2,1123699,999129,9.15,10.56,329857,318357,-12.13,-12.13
2026-06-02,Weekly,2023-01-23,2023-02-19,NA,Country,National,202908,-27.35,342800,0.82,54,1800,316821,278832,-17.82,-17.86,1130297,1000041,10.01,11.43,325018,307083,-14.09,-14.11
2026-06-02,Weekly,2023-01-16,2023-02-12,NA,Country,National,186798,-29.25,340000,1.34,54,1700,317840,272321,-16.11,-16.07,1136639,996037,10.83,12.61,325202,300699,-14.01,-13.99
2026-06-02,Weekly,2023-01-09,2023-02-05,NA,Country,National,185949,-32.21,340000,0.89,53,1500,318355,266752,-15.15,-15.22,1139676,991274,10.99,12.81,325684,290413,-15.94,-15.96
2026-06-02,Weekly,2023-01-02,2023-01-29,NA,Country,National,168394,-37.35,340000,0.62,51,1400,316275,251897,-14.01,-15.78,1139342,975960,10.83,12.87,318821,265293,-18.12,-19.29
2026-06-02,Weekly,2022-12-26,2023-01-22,NA,Country,National,179642,-36.47,344000,1.18,49,1300,320177,217066,-15.18,-17.21,1145234,974307,11.21,13.38,315606,233105,-21.67,-22.83
2026-06-02,Weekly,2022-12-19,2023-01-15,NA,Country,National,196697,-33.94,345000,1.47,48,1200,315629,181650,-16.22,-17.86,1143554,966038,10.97,13.4,305009,209725,-24.37,-25.45
2026-06-02,Weekly,2022-12-12,2023-01-08,NA,Country,National,216423,-33.79,345245,1.54,46,1100,317446,165286,-18.23,-19.91,1140817,972532,10.14,11.99,301076,203437,-27.52,-28.58
2026-06-02,Weekly,2022-12-05,2023-01-01,NA,Country,National,236510,-32.93,345000,1.47,44,900,320701,163399,-22.51,-20.76,1135861,988104,9.44,11.04,311357,215682,-29.68,-28.64
2026-06-02,Weekly,2022-11-28,2022-12-25,NA,Country,National,257702,-33.24,348000,2.35,43,900,318985,191911,-21.04,-21.04,1131555,1039627,9.27,9.27,310607,238327,-29.08,-29.08
2026-06-02,Weekly,2022-11-21,2022-12-18,NA,Country,National,242174,-35.29,348900,2.62,42,800,324461,199701,-22.08,-22.08,1134256,1064041,7.57,7.57,313467,240734,-30.33,-30.33
2026-06-02,Weekly,2022-11-14,2022-12-11,NA,Country,National,250549,-33.77,349900,2.91,41,700,322474,217217,-21.96,-21.96,1138295,1095529,5.92,5.92,311419,251496,-30.43,-30.43
2026-06-02,Weekly,2022-11-07,2022-12-04,NA,Country,National,245784,-34.05,350000,2.94,40,700,316868,232102,-22.03,-22.03,1140025,1113305,4.6,4.6,299798,253860,-32.22,-32.22
2026-06-02,Weekly,2022-10-31,2022-11-27,NA,Country,National,238592,-31.06,350000,2.94,39,600,320615,247666,-21.15,-21.15,1141318,1139514,4.56,4.56,300516,260250,-32.58,-32.58
2026-06-02,Weekly,2022-10-24,2022-11-20,NA,Country,National,270981,-32.01,350000,2.94,39,600,324862,283720,-20.13,-20.13,1147064,1182136,2.28,2.28,306213,284342,-32.78,-32.78
2026-06-02,Weekly,2022-10-17,2022-11-13,NA,Country,National,266980,-30.63,350000,3.24,39,600,329301,297106,-19.36,-19.36,1152425,1195713,1.65,1.65,306693,285810,-32.72,-32.72
2026-06-02,Weekly,2022-10-10,2022-11-06,NA,Country,National,281869,-28.14,352000,3.83,38,600,335823,310396,-18.11,-18.11,1158057,1206288,1.28,1.28,310713,292194,-31.96,-31.96
2026-06-02,Weekly,2022-10-03,2022-10-30,NA,Country,National,283469,-27.7,355000,5.69,38,600,336719,319341,-17.38,-17.38,1159311,1212783,1.01,1.01,314036,296608,-31.4,-31.4
2026-06-02,Weekly,2022-09-26,2022-10-23,NA,Country,National,302827,-24.55,356925,6.23,38,600,339412,327331,-18.81,-18.81,1165234,1231704,0.07,0.07,313060,299986,-31.37,-31.37
2026-06-02,Weekly,2022-09-19,2022-10-16,NA,Country,National,308876,-23.33,358500,7.01,37,600,342029,335232,-17.66,-17.66,1171382,1238884,-0.01,-0.01,318003,310286,-29.24,-29.24
2026-06-02,Weekly,2022-09-12,2022-10-09,NA,Country,National,322881,-21.66,359000,7.16,36,500,344049,344357,-16.93,-16.93,1179214,1249995,0.1,0.1,329543,329305,-25.92,-25.92
2026-06-02,Weekly,2022-09-05,2022-10-02,NA,Country,National,314606,-21.72,359900,7.43,36,600,347487,348308,-16.64,-16.64,1185343,1245102,0.27,0.27,334686,331276,-23.61,-23.61
2026-06-02,Weekly,2022-08-29,2022-09-25,NA,Country,National,322135,-19.05,360000,7.46,35,600,353329,352646,-14.97,-14.97,1193044,1264714,0.95,0.95,344261,345464,-20.55,-20.55
2026-06-02,Weekly,2022-08-22,2022-09-18,NA,Country,National,329207,-18.98,360000,7.46,34,500,357064,355107,-15.79,-15.79,1199377,1270520,0.72,0.72,349429,354015,-19.17,-19.17
2026-06-02,Weekly,2022-08-15,2022-09-11,NA,Country,National,333524,-18.37,360000,7.43,33,500,361174,357389,-16.21,-16.21,1205211,1276013,0.85,0.85,351895,358815,-18.4,-18.4
2026-06-02,Weekly,2022-08-08,2022-09-04,NA,Country,National,346672,-18.53,360000,7.14,32,400,367959,366407,-16.08,-16.08,1209868,1281905,0.96,0.96,358800,376778,-17.45,-17.45
2026-06-02,Weekly,2022-08-01,2022-08-28,NA,Country,National,321355,-19.35,360000,6.67,30,200,373518,383406,-15.38,-15.38,1208316,1290257,1.12,1.12,362796,378195,-16.62,-16.62
2026-06-02,Weekly,2022-07-25,2022-08-21,NA,Country,National,341006,-19.32,362000,6.88,29,200,381280,395918,-14.77,-14.77,1213294,1304428,1.19,1.19,362967,384689,-16.93,-16.93
2026-06-02,Weekly,2022-07-18,2022-08-14,NA,Country,National,338939,-19.17,364000,7.69,28,100,387757,411292,-13.1,-13.1,1213712,1306696,1.4,1.4,359603,383832,-17.52,-17.52
2026-06-02,Weekly,2022-07-11,2022-08-07,NA,Country,National,351270,-18.38,365000,7.38,28,200,393395,430477,-10.76,-10.76,1212666,1307991,1.67,1.67,361739,387243,-17.48,-17.48
2026-06-02,Weekly,2022-07-04,2022-07-31,NA,Country,National,345340,-17.58,365000,7.35,27,100,408762,435360,-10.21,-10.21,1207421,1285734,1.88,1.88,362467,377684,-16.69,-16.69
2026-06-02,Weekly,2022-06-27,2022-07-24,NA,Country,National,363853,-15.26,370000,8.82,26,0,411981,443062,-6.07,-6.07,1203252,1293582,2.19,2.19,367317,386165,-15.14,-15.14
2026-06-02,Weekly,2022-06-20,2022-07-17,NA,Country,National,366407,-15.89,375000,10.29,26,100,423333,463126,-3.09,-3.09,1196510,1279722,1.71,1.71,369170,385822,-15.2,-15.2
2026-06-02,Weekly,2022-06-13,2022-07-10,NA,Country,National,374352,-14.66,375990,10.59,25,0,431196,472001,-1.29,-1.29,1187639,1263065,1.12,1.12,367122,387696,-15.16,-15.16
2026-06-02,Weekly,2022-06-06,2022-07-03,NA,Country,National,391495,-13.82,380000,11.76,24,-200,421839,487548,1.08,1.08,1171599,1253321,1,1,367469,406410,-14.97,-14.97
2026-06-02,Weekly,2022-05-30,2022-06-26,NA,Country,National,366459,-10.31,380500,11.94,23,-300,426122,497670,-0.12,-0.12,1159077,1238479,0.15,0.15,367052,394785,-13.95,-13.95
2026-06-02,Weekly,2022-05-23,2022-06-19,NA,Country,National,386674,-10.54,381300,13.82,23,-300,419448,479724,-0.93,-0.93,1143852,1213723,-1.55,-1.55,372067,407316,-12.77,-12.77
2026-06-02,Weekly,2022-05-16,2022-06-12,NA,Country,National,382105,-9.44,380000,13.77,22,-400,416258,483040,-0.42,-0.42,1129989,1191052,-2.58,-2.58,376668,413743,-11.28,-11.28
2026-06-02,Weekly,2022-05-09,2022-06-05,NA,Country,National,382066,-9.71,380000,14.8,22,-500,421121,487962,0.7,0.7,1117863,1165638,-3.57,-3.57,376659,413266,-10.86,-10.86
2026-06-02,Weekly,2022-05-02,2022-05-29,NA,Country,National,374506,-12.05,380000,15.15,22,-500,412343,486644,1.54,1.54,1104273,1146241,-4.26,-4.26,379087,425535,-10.65,-10.65
2026-06-02,Weekly,2022-04-25,2022-05-22,NA,Country,National,380344,-9.14,380000,15.85,23,-500,412731,497537,1.82,1.82,1098045,1146943,-4.89,-4.89,381599,432354,-8.65,-8.65
2026-06-02,Weekly,2022-04-18,2022-05-15,NA,Country,National,373761,-8.22,377859,16.26,23,-600,409248,489374,2.51,2.51,1084816,1113705,-6.34,-6.34,374856,423596,-9.71,-9.71
2026-06-02,Weekly,2022-04-11,2022-05-08,NA,Country,National,370458,-7.69,376000,15.69,23,-700,402248,460231,-2.04,-2.04,1075755,1081284,-7.84,-7.84,375629,422247,-10.14,-10.14
2026-06-02,Weekly,2022-04-04,2022-05-01,NA,Country,National,361092,-6.91,375000,15.57,24,-700,403542,455612,-3.25,-3.25,1069096,1059059,-8.32,-8.32,377188,419167,-8.67,-8.67
2026-06-02,Weekly,2022-03-28,2022-04-24,NA,Country,National,354420,-4.09,373400,15.78,24,-800,399630,445386,-1.31,-1.31,1059269,1041348,-8.97,-8.97,374080,410837,-8.38,-8.38
2026-06-02,Weekly,2022-03-21,2022-04-17,NA,Country,National,348086,-4.31,370000,15.63,25,-800,394966,426417,-3.71,-3.71,1051058,1014836,-10.29,-10.29,377841,412607,-6.52,-6.52
2026-06-02,Weekly,2022-03-14,2022-04-10,NA,Country,National,345634,-3.12,368000,15.72,26,-800,390860,429252,-0.56,-0.56,1049483,1009331,-9.49,-9.49,376520,409723,-5.48,-5.48
2026-06-02,Weekly,2022-03-07,2022-04-03,NA,Country,National,343069,-3.73,365000,15.87,27,-900,387991,416648,-0.73,-0.73,1044817,988587,-9.84,-9.84,374239,406052,-6.42,-6.42
2026-06-02,Weekly,2022-02-28,2022-03-27,NA,Country,National,333651,-0.9,360000,16.13,28,-900,388361,409210,-3.83,-3.83,1040411,975000,-10.74,-10.74,375285,399585,-6.7,-6.7
2026-06-02,Weekly,2022-02-21,2022-03-20,NA,Country,National,327778,-8.1,359000,17.32,30,-800,390150,395467,-3.63,-3.63,1040184,960008,-11.72,-11.72,375178,391629,-7.28,-7.28
2026-06-02,Weekly,2022-02-14,2022-03-13,NA,Country,National,321480,-3.31,355000,16.39,31,-800,392039,383411,0.77,0.77,1039904,944948,-11.07,-11.07,377589,383528,-4.01,-4.01
2026-06-02,Weekly,2022-02-07,2022-03-06,NA,Country,National,308856,-3.49,350000,16.28,33,-700,393453,368541,2.29,2.29,1036885,924851,-11.58,-11.58,377275,373629,-3.98,-3.98
2026-06-02,Weekly,2022-01-31,2022-02-27,NA,Country,National,283347,-5.14,346000,15.37,34,-800,388541,349388,1.93,1.93,1029474,903738,-11.97,-11.97,375400,362324,-4.34,-4.34
2026-06-02,Weekly,2022-01-24,2022-02-20,NA,Country,National,279277,-0.64,340000,15.25,36,-800,385534,339455,1.03,1.03,1027404,897498,-13.47,-13.47,378323,357522,-5.71,-5.71
2026-06-02,Weekly,2022-01-17,2022-02-13,NA,Country,National,264039,-6.02,335500,14.51,37,-800,378873,324461,-5.26,-5.26,1025579,884485,-15.39,-15.39,378207,349604,-8.87,-8.87
2026-06-02,Weekly,2022-01-10,2022-02-06,NA,Country,National,274284,-5.34,337000,14.63,38,-800,375202,314647,-7.36,-7.36,1026839,878713,-16.14,-16.14,387441,345572,-8.82,-8.82
2026-06-02,Weekly,2022-01-03,2022-01-30,NA,Country,National,268781,-8.85,337900,14.54,37,-800,367809,299098,-7.96,-7.96,1027994,864714,-16.52,-16.52,389371,328687,-9.36,-9.36
2026-06-02,Weekly,2021-12-27,2022-01-23,NA,Country,National,282770,-3.82,340000,15.25,36,-700,377479,262194,-8.53,-8.53,1029791,859360,-16.66,-16.66,402938,302083,-7.9,-7.9
2026-06-02,Weekly,2021-12-20,2022-01-16,NA,Country,National,297756,0.45,340000,15.25,36,-700,376723,221138,-7.28,-7.28,1030508,851912,-15.75,-15.75,403297,281333,-4.8,-4.8
2026-06-02,Weekly,2021-12-13,2022-01-09,NA,Country,National,326898,0.49,340000,14.48,35,-700,388212,206369,-5.91,-5.91,1035779,868415,-15.23,-15.23,415380,284840,-2.66,-2.66
2026-06-02,Weekly,2021-12-06,2022-01-02,NA,Country,National,352651,1.27,340000,14.13,35,-600,413872,206197,-4.58,-4.58,1037891,889850,-14.67,-14.67,442743,302224,-1.36,-1.36
2026-06-02,Weekly,2021-11-29,2021-12-26,NA,Country,National,385985,2.16,340000,13.37,34,-700,NA,243046,NA,-2.23,NA,951472,NA,-13.69,NA,336061,NA,-0.16
2026-06-02,Weekly,2021-11-22,2021-12-19,NA,Country,National,374247,-1.43,340000,13.71,34,-600,NA,256282,NA,-3.8,NA,989202,NA,-13.32,NA,345554,NA,-1.73
2026-06-02,Weekly,2021-11-15,2021-12-12,NA,Country,National,378322,-1.15,340000,13.37,34,-500,NA,278334,NA,-2.93,NA,1034284,NA,-12.58,NA,361508,NA,-0.95
2026-06-02,Weekly,2021-11-08,2021-12-05,NA,Country,National,372697,-1.75,340000,13.33,33,-600,NA,297698,NA,-0.87,NA,1064308,NA,-11.96,NA,374542,NA,0.73
2026-06-02,Weekly,2021-11-01,2021-11-28,NA,Country,National,346106,-2.54,340000,13.37,33,-600,NA,314079,NA,0.72,NA,1089852,NA,-11.33,NA,386014,NA,2.95
2026-06-02,Weekly,2021-10-25,2021-11-21,NA,Country,National,398549,-3.49,340000,13.33,33,-600,NA,355247,NA,1.3,NA,1155735,NA,-10.53,NA,422993,NA,2.72
2026-06-02,Weekly,2021-10-18,2021-11-14,NA,Country,National,384838,-3.84,339000,13.04,33,-600,NA,368431,NA,0.9,NA,1176250,NA,-10.48,NA,424820,NA,1.69
2026-06-02,Weekly,2021-10-11,2021-11-07,NA,Country,National,392264,-3.94,339000,13.04,32,-700,NA,379036,NA,-0.77,NA,1190990,NA,-10.78,NA,429468,NA,0.05
2026-06-02,Weekly,2021-10-04,2021-10-31,NA,Country,National,392061,-4.39,335900,12.34,32,-700,NA,386538,NA,-3.57,NA,1200679,NA,-11.23,NA,432403,NA,-2.24
2026-06-02,Weekly,2021-09-27,2021-10-24,NA,Country,National,401354,-3.26,336000,12.75,32,-800,NA,403154,NA,-3.84,NA,1230821,NA,-11.12,NA,437087,NA,-3.22
2026-06-02,Weekly,2021-09-20,2021-10-17,NA,Country,National,402863,-3.83,335000,13.18,31,-900,NA,407128,NA,-4.76,NA,1239030,NA,-11.32,NA,438496,NA,-4.11
2026-06-02,Weekly,2021-09-13,2021-10-10,NA,Country,National,412160,-3.7,335000,13.25,31,-900,NA,414516,NA,-4.64,NA,1248687,NA,-11.29,NA,444524,NA,-4.37
2026-06-02,Weekly,2021-09-06,2021-10-03,NA,Country,National,401919,-3.04,335000,13.43,30,-1000,NA,417818,NA,-3.07,NA,1241756,NA,-11.17,NA,433649,NA,-5.23
2026-06-02,Weekly,2021-08-30,2021-09-26,NA,Country,National,397950,-1.26,335000,13.56,29,-1100,NA,414732,NA,-4.51,NA,1252757,NA,-11.16,NA,434793,NA,-5.7
2026-06-02,Weekly,2021-08-23,2021-09-19,NA,Country,National,406311,-2.05,335000,13.56,29,-1100,NA,421703,NA,-3.21,NA,1261455,NA,-11.18,NA,437979,NA,-6.23
2026-06-02,Weekly,2021-08-16,2021-09-12,NA,Country,National,408580,-0.41,335101,13.79,28,-1300,NA,426521,NA,-2.31,NA,1265285,NA,-11.2,NA,439745,NA,-6.25
2026-06-02,Weekly,2021-08-09,2021-09-05,NA,Country,National,425523,-1.83,336000,13.9,28,-1300,NA,436590,NA,-2.05,NA,1269661,NA,-11.62,NA,456407,NA,-6
2026-06-02,Weekly,2021-08-02,2021-08-29,NA,Country,National,398438,-2.63,337500,14.72,28,-1400,NA,453074,NA,1.9,NA,1275995,NA,-11.17,NA,453555,NA,-5.48
2026-06-02,Weekly,2021-07-26,2021-08-22,NA,Country,National,422659,-1.55,338693,15.79,27,-1500,NA,464530,NA,3.49,NA,1289061,NA,-11.56,NA,463074,NA,-5.15
2026-06-02,Weekly,2021-07-19,2021-08-15,NA,Country,National,419311,-1.99,338000,16.55,27,-1600,NA,473304,NA,5.36,NA,1288623,NA,-11.9,NA,465381,NA,-5
2026-06-02,Weekly,2021-07-12,2021-08-08,NA,Country,National,430388,-0.38,339900,17.21,26,-1800,NA,482396,NA,7.27,NA,1286530,NA,-12.43,NA,469268,NA,-5.12
2026-06-02,Weekly,2021-07-05,2021-08-01,NA,Country,National,418980,-2.46,340000,17.85,26,-1800,NA,484847,NA,7.02,NA,1262031,NA,-14.09,NA,453341,NA,-7.88
2026-06-02,Weekly,2021-06-28,2021-07-25,NA,Country,National,429362,4.8,340000,18.8,26,-1900,NA,471669,NA,6.84,NA,1265868,NA,-14.26,NA,455068,NA,-6.16
2026-06-02,Weekly,2021-06-21,2021-07-18,NA,Country,National,435632,7.3,340000,19.3,25,-2000,NA,477892,NA,8.56,NA,1258236,NA,-15.02,NA,454955,NA,-6.19
2026-06-02,Weekly,2021-06-14,2021-07-11,NA,Country,National,438670,12.37,340000,20.57,25,-2100,NA,478190,NA,9.34,NA,1249060,NA,-15.78,NA,456977,NA,-5.27
2026-06-02,Weekly,2021-06-07,2021-07-04,NA,Country,National,454253,21.2,340000,21.43,26,-2000,NA,482357,NA,11.56,NA,1240948,NA,-16,NA,477959,NA,-1.65
2026-06-02,Weekly,2021-05-31,2021-06-27,NA,Country,National,408575,21.89,339900,23.6,26,-2100,NA,498275,NA,11.85,NA,1236595,NA,-16.62,NA,458787,NA,-4.46
2026-06-02,Weekly,2021-05-24,2021-06-20,NA,Country,National,432222,34.88,335000,22.49,26,-2100,NA,484208,NA,12.87,NA,1232881,NA,-16.44,NA,466968,NA,0.54
2026-06-02,Weekly,2021-05-17,2021-06-13,NA,Country,National,421924,41.75,334000,23.7,26,-2100,NA,485089,NA,15.41,NA,1222597,NA,-16.44,NA,466331,NA,4.3
2026-06-02,Weekly,2021-05-10,2021-06-06,NA,Country,National,423172,47.53,331000,23.09,27,-2000,NA,484585,NA,18.33,NA,1208834,NA,-16.46,NA,463596,NA,8.45
2026-06-02,Weekly,2021-05-03,2021-05-30,NA,Country,National,425810,57.52,330000,24.29,27,-1900,NA,479255,NA,23.06,NA,1197230,NA,-15.63,NA,476247,NA,17.94
2026-06-02,Weekly,2021-04-26,2021-05-23,NA,Country,National,418614,52.51,328000,23.77,28,-1800,NA,488637,NA,27.53,NA,1205878,NA,-15.02,NA,473313,NA,21.77
2026-06-02,Weekly,2021-04-19,2021-05-16,NA,Country,National,407254,51.2,325000,22.64,29,-1600,NA,477401,NA,35.15,NA,1189060,NA,-14.78,NA,469171,NA,30.28
2026-06-02,Weekly,2021-04-12,2021-05-09,NA,Country,National,401309,47.49,325000,21.36,30,-1500,NA,469816,NA,45.44,NA,1173248,NA,-14.53,NA,469875,NA,37
2026-06-02,Weekly,2021-04-05,2021-05-02,NA,Country,National,387912,41.32,324488,20.21,31,-1500,NA,470915,NA,59.91,NA,1155128,NA,-14.37,NA,458959,NA,45.93
2026-06-02,Weekly,2021-03-29,2021-04-25,NA,Country,National,369525,35.37,322500,19.44,32,-1400,NA,451314,NA,59.7,NA,1143907,NA,-15.27,NA,448421,NA,52.49
2026-06-02,Weekly,2021-03-22,2021-04-18,NA,Country,National,363771,26.74,320000,17.65,33,-1400,NA,442859,NA,53.34,NA,1131300,NA,-17,NA,441395,NA,51.45
2026-06-02,Weekly,2021-03-15,2021-04-11,NA,Country,National,356756,20.39,318000,17.56,34,-1400,NA,431685,NA,34.36,NA,1115163,NA,-19.69,NA,433470,NA,46.04
2026-06-02,Weekly,2021-03-08,2021-04-04,NA,Country,National,356347,14.99,315000,16.67,36,-1400,NA,419704,NA,13.89,NA,1096533,NA,-22.67,NA,433911,NA,28.86
2026-06-02,Weekly,2021-03-01,2021-03-28,NA,Country,National,336679,12.88,310000,15.24,37,-1400,NA,425487,NA,4.67,NA,1092370,NA,-23.92,NA,428299,NA,16.62
2026-06-02,Weekly,2021-02-22,2021-03-21,NA,Country,National,356657,12.81,306000,15.47,38,-1600,NA,410371,NA,-4.66,NA,1087424,NA,-25.41,NA,422386,NA,6.83
2026-06-02,Weekly,2021-02-15,2021-03-14,NA,Country,National,332478,11.43,305000,15.53,39,-1700,NA,380473,NA,-9.69,NA,1062578,NA,-26.22,NA,399545,NA,0.13
2026-06-02,Weekly,2021-02-08,2021-03-07,NA,Country,National,320022,10.24,301000,14.89,40,-2000,NA,360285,NA,-10.01,NA,1045930,NA,-26.05,NA,389119,NA,-0.16
2026-06-02,Weekly,2021-02-01,2021-02-28,NA,Country,National,298703,10.19,299900,15.35,42,-2100,NA,342777,NA,-10.03,NA,1026653,NA,-25.71,NA,378754,NA,0.12
2026-06-02,Weekly,2021-01-25,2021-02-21,NA,Country,National,281062,12.88,295000,13.68,44,-2200,NA,335981,NA,-8.04,NA,1037197,NA,-24.3,NA,379177,NA,3.29
2026-06-02,Weekly,2021-01-18,2021-02-14,NA,Country,National,280954,17.89,293000,13.57,45,-2200,NA,342483,NA,-3.61,NA,1045360,NA,-22.72,NA,383638,NA,7.89
2026-06-02,Weekly,2021-01-11,2021-02-07,NA,Country,National,289754,23.29,294000,14.17,46,-2100,NA,339630,NA,-2,NA,1047802,NA,-21.85,NA,378984,NA,10.42
2026-06-02,Weekly,2021-01-04,2021-01-31,NA,Country,National,294864,24.58,295000,14.39,45,-2100,NA,324971,NA,-2.65,NA,1035846,NA,-21.55,NA,362616,NA,10.98
2026-06-02,Weekly,2020-12-28,2021-01-24,NA,Country,National,293991,30.33,295000,14.12,43,-2000,NA,286638,NA,-3.77,NA,1031154,NA,-21.46,NA,327978,NA,11.5
2026-06-02,Weekly,2020-12-21,2021-01-17,NA,Country,National,296410,31.49,295000,13.46,43,-1900,NA,238498,NA,-1.58,NA,1011215,NA,-21.23,NA,295528,NA,13.94
2026-06-02,Weekly,2020-12-14,2021-01-10,NA,Country,National,325318,26.54,297000,13.58,42,-1800,NA,219325,NA,4.41,NA,1024399,NA,-20.59,NA,292609,NA,16.03
2026-06-02,Weekly,2020-12-07,2021-01-03,NA,Country,National,348227,24.01,297909,13.27,41,-1700,NA,216090,NA,14.84,NA,1042783,NA,-19.53,NA,306405,NA,20.32
2026-06-02,Weekly,2020-11-30,2020-12-27,NA,Country,National,377812,26.53,299900,13.17,41,-1700,NA,248588,NA,22.14,NA,1102404,NA,-17.37,NA,336614,NA,23.82
2026-06-02,Weekly,2020-11-23,2020-12-20,NA,Country,National,379663,20.19,299000,13.26,40,-1600,NA,266400,NA,20.35,NA,1141192,NA,-17.52,NA,351635,NA,21.55
2026-06-02,Weekly,2020-11-16,2020-12-13,NA,Country,National,382733,24.39,299900,14.07,39,-1600,NA,286746,NA,18.43,NA,1183166,NA,-17.16,NA,364982,NA,21.21
2026-06-02,Weekly,2020-11-09,2020-12-06,NA,Country,National,379342,24.35,300000,14.37,39,-1500,NA,300325,NA,16.09,NA,1208907,NA,-17.24,NA,371843,NA,19.47
2026-06-02,Weekly,2020-11-02,2020-11-29,NA,Country,National,355135,19.02,299900,15.35,39,-1400,NA,311827,NA,13.81,NA,1229066,NA,-17.33,NA,374968,NA,16.13
2026-06-02,Weekly,2020-10-26,2020-11-22,NA,Country,National,412960,23.91,300000,14.55,39,-1400,NA,350671,NA,12.57,NA,1291740,NA,-16.7,NA,411798,NA,17.12
2026-06-02,Weekly,2020-10-19,2020-11-15,NA,Country,National,400187,22.2,299900,15.35,39,-1400,NA,365146,NA,12.66,NA,1313945,NA,-16.45,NA,417753,NA,18.12
2026-06-02,Weekly,2020-10-12,2020-11-08,NA,Country,National,408370,24.5,299900,15.35,39,-1400,NA,381959,NA,12.92,NA,1334842,NA,-16.04,NA,429263,NA,20.27
2026-06-02,Weekly,2020-10-05,2020-11-01,NA,Country,National,410084,24.7,299000,15,39,-1300,NA,400833,NA,14.65,NA,1352648,NA,-15.52,NA,442296,NA,22.95
2026-06-02,Weekly,2020-09-28,2020-10-25,NA,Country,National,414876,28.53,298000,14.62,40,-1200,NA,419235,NA,14.54,NA,1384780,NA,-14.97,NA,451635,NA,22.87
2026-06-02,Weekly,2020-09-21,2020-10-18,NA,Country,National,418887,24.48,296000,13.85,40,-1200,NA,427489,NA,13.58,NA,1397183,NA,-15.13,NA,457287,NA,21.88
2026-06-02,Weekly,2020-09-14,2020-10-11,NA,Country,National,427997,23.79,295809,13.65,40,-1100,NA,434697,NA,12.81,NA,1407656,NA,-14.97,NA,464832,NA,21.67
2026-06-02,Weekly,2020-09-07,2020-10-04,NA,Country,National,414507,17.35,295328,13.46,40,-1100,NA,431067,NA,9.11,NA,1397902,NA,-15.84,NA,457584,NA,17.97
2026-06-02,Weekly,2020-08-31,2020-09-27,NA,Country,National,403043,25.21,295000,13.46,40,-1000,NA,434301,NA,10.6,NA,1410186,NA,-14.42,NA,461098,NA,24.71
2026-06-02,Weekly,2020-08-24,2020-09-20,NA,Country,National,414820,18.68,295000,13.46,40,-900,NA,435680,NA,11.29,NA,1420310,NA,-14.97,NA,467088,NA,22.86
2026-06-02,Weekly,2020-08-17,2020-09-13,NA,Country,National,410278,16.75,294500,12.4,41,-800,NA,436617,NA,11.78,NA,1424809,NA,-14.82,NA,469068,NA,22.68
2026-06-02,Weekly,2020-08-10,2020-09-06,NA,Country,National,433470,19.49,295000,11.74,41,-700,NA,445723,NA,14.76,NA,1436573,NA,-14.26,NA,485540,NA,25.16
2026-06-02,Weekly,2020-08-03,2020-08-30,NA,Country,National,409213,7.8,294200,11.36,42,-600,NA,444624,NA,12.48,NA,1436410,NA,-14.55,NA,479868,NA,18.54
2026-06-02,Weekly,2020-07-27,2020-08-23,NA,Country,National,429325,13.89,292500,10.38,42,-600,NA,448869,NA,9.61,NA,1457521,NA,-14.71,NA,488205,NA,19.17
2026-06-02,Weekly,2020-07-20,2020-08-16,NA,Country,National,427803,11.58,290000,9.43,43,-400,NA,449227,NA,8.47,NA,1462660,NA,-14.85,NA,489890,NA,17.91
2026-06-02,Weekly,2020-07-13,2020-08-09,NA,Country,National,432049,11.61,290000,9.43,44,-300,NA,449700,NA,6.02,NA,1469163,NA,-14.95,NA,494577,NA,17.22
2026-06-02,Weekly,2020-07-06,2020-08-02,NA,Country,National,429544,8,288500,8.86,44,-200,NA,453030,NA,3.24,NA,1469073,NA,-15.14,NA,492116,NA,15.84
2026-06-02,Weekly,2020-06-29,2020-07-26,NA,Country,National,409712,18.2,286185,7.12,45,-100,NA,441473,NA,5.35,NA,1476476,NA,-13.83,NA,484932,NA,20.27
2026-06-02,Weekly,2020-06-22,2020-07-19,NA,Country,National,406004,5.16,285000,5.59,45,0,NA,440192,NA,2.6,NA,1480648,NA,-14.72,NA,484957,NA,15.7
2026-06-02,Weekly,2020-06-15,2020-07-12,NA,Country,National,390387,1.47,282000,4.44,46,100,NA,437362,NA,0.69,NA,1483179,NA,-14.38,NA,482421,NA,15.05
2026-06-02,Weekly,2020-06-08,2020-07-05,NA,Country,National,374789,-3.96,280000,3.7,46,200,NA,432375,NA,-0.39,NA,1477255,NA,-14.33,NA,485998,NA,13.7
2026-06-02,Weekly,2020-06-01,2020-06-28,NA,Country,National,335182,-18.72,275000,1.85,47,300,NA,445479,NA,-4.94,NA,1483100,NA,-14.98,NA,480169,NA,7.29
2026-06-02,Weekly,2020-05-25,2020-06-21,NA,Country,National,320448,-17.96,273500,1.67,47,200,NA,429000,NA,-8.33,NA,1475327,NA,-15.41,NA,464472,NA,7.01
2026-06-02,Weekly,2020-05-18,2020-06-14,NA,Country,National,297617,-23.81,270000,1.12,47,200,NA,420107,NA,-9.65,NA,1461479,NA,-15.86,NA,447050,NA,2.09
2026-06-02,Weekly,2020-05-11,2020-06-07,NA,Country,National,286791,-25.78,268900,1.46,47,200,NA,409374,NA,-13.42,NA,1445448,NA,-16.37,NA,427810,NA,-2.3
2026-06-02,Weekly,2020-05-04,2020-05-31,NA,Country,National,270252,-28.26,265500,0.57,46,100,NA,389320,NA,-17.17,NA,1417300,NA,-17.08,NA,404102,NA,-7.07
2026-06-02,Weekly,2020-04-27,2020-05-24,NA,Country,National,274389,-27.13,265000,1.81,46,0,NA,383032,NA,-21.42,NA,1417224,NA,-17.46,NA,388895,NA,-12.97
2026-06-02,Weekly,2020-04-20,2020-05-17,NA,Country,National,269250,-26.7,265000,1.92,45,-200,NA,353193,NA,-28.86,NA,1393936,NA,-18.39,NA,360411,NA,-18.16
2026-06-02,Weekly,2020-04-13,2020-05-10,NA,Country,National,271992,-23.45,267800,3.78,45,-300,NA,322926,NA,-32.37,NA,1371116,NA,-18.57,NA,343193,NA,-21.28
2026-06-02,Weekly,2020-04-06,2020-05-03,NA,Country,National,274370,-21.18,269900,5.02,45,-300,NA,294357,NA,-38.66,NA,1347293,NA,-19.07,NA,314660,NA,-27.5
2026-06-02,Weekly,2020-03-30,2020-04-26,NA,Country,National,272826,-10.63,270000,5.88,46,-400,NA,282415,NA,-40.9,NA,1348345,NA,-17.58,NA,294157,NA,-30.04
2026-06-02,Weekly,2020-03-23,2020-04-19,NA,Country,National,286847,-10.58,272000,7.09,47,-500,NA,288624,NA,-38.05,NA,1361248,NA,-16.17,NA,291502,NA,-31.39
2026-06-02,Weekly,2020-03-16,2020-04-12,NA,Country,National,296155,NA,270500,NA,48,NA,NA,321070,NA,NA,NA,1386725,NA,NA,NA,296886,NA,NA
2026-06-02,Weekly,2020-03-09,2020-04-05,NA,Country,National,309754,NA,270000,NA,49,NA,NA,368273,NA,NA,NA,1416132,NA,NA,NA,336842,NA,NA
2026-06-02,Weekly,2020-03-02,2020-03-29,NA,Country,National,298145,NA,269000,NA,51,NA,NA,406271,NA,NA,NA,1433891,NA,NA,NA,367451,NA,NA
2026-06-02,Weekly,2020-02-24,2020-03-22,NA,Country,National,316080,NA,265000,NA,54,NA,NA,430169,NA,NA,NA,1455848,NA,NA,NA,395635,NA,NA
2026-06-02,Weekly,2020-02-17,2020-03-15,NA,Country,National,298321,NA,264000,NA,56,NA,NA,421001,NA,NA,NA,1438225,NA,NA,NA,399262,NA,NA
2026-06-02,Weekly,2020-02-10,2020-03-08,NA,Country,National,290226,NA,262000,NA,60,NA,NA,400029,NA,NA,NA,1412411,NA,NA,NA,390037,NA,NA
2026-06-02,Weekly,2020-02-03,2020-03-01,NA,Country,National,271026,NA,260000,NA,63,NA,NA,380662,NA,NA,NA,1380165,NA,NA,NA,378530,NA,NA
2026-06-02,Weekly,2020-01-27,2020-02-23,NA,Country,National,248932,NA,259500,NA,66,NA,NA,365038,NA,NA,NA,1368375,NA,NA,NA,367281,NA,NA
2026-06-02,Weekly,2020-01-20,2020-02-16,NA,Country,National,238259,NA,258000,NA,67,NA,NA,355025,NA,NA,NA,1351057,NA,NA,NA,355788,NA,NA
2026-06-02,Weekly,2020-01-13,2020-02-09,NA,Country,National,234983,NA,257500,NA,67,NA,NA,346308,NA,NA,NA,1339173,NA,NA,NA,343367,NA,NA
2026-06-02,Weekly,2020-01-06,2020-02-02,NA,Country,National,236644,NA,257900,NA,66,NA,NA,333510,NA,NA,NA,1318908,NA,NA,NA,326907,NA,NA
2026-06-02,Weekly,2019-12-30,2020-01-26,NA,Country,National,225553,NA,258500,NA,63,NA,NA,297577,NA,NA,NA,1311429,NA,NA,NA,294367,NA,NA
2026-06-02,Weekly,2019-12-23,2020-01-19,NA,Country,National,225421,NA,260000,NA,62,NA,NA,242108,NA,NA,NA,1282310,NA,NA,NA,259573,NA,NA
2026-06-02,Weekly,2019-12-16,2020-01-12,NA,Country,National,257086,NA,261500,NA,60,NA,NA,209907,NA,NA,NA,1288586,NA,NA,NA,252383,NA,NA
2026-06-02,Weekly,2019-12-09,2020-01-05,NA,Country,National,280825,NA,263000,NA,58,NA,NA,188114,NA,NA,NA,1294562,NA,NA,NA,254840,NA,NA
2026-06-02,Weekly,2019-12-02,2019-12-29,NA,Country,National,298577,NA,265000,NA,57,NA,NA,203460,NA,NA,NA,1332772,NA,NA,NA,271968,NA,NA
2026-06-02,Weekly,2019-11-25,2019-12-22,NA,Country,National,315876,NA,264000,NA,56,NA,NA,221259,NA,NA,NA,1382306,NA,NA,NA,289384,NA,NA
2026-06-02,Weekly,2019-11-18,2019-12-15,NA,Country,National,307664,NA,262900,NA,55,NA,NA,242038,NA,NA,NA,1426738,NA,NA,NA,301227,NA,NA
2026-06-02,Weekly,2019-11-11,2019-12-08,NA,Country,National,305037,NA,262300,NA,54,NA,NA,258593,NA,NA,NA,1459172,NA,NA,NA,311371,NA,NA
2026-06-02,Weekly,2019-11-04,2019-12-01,NA,Country,National,298394,NA,260000,NA,53,NA,NA,273909,NA,NA,NA,1485193,NA,NA,NA,323059,NA,NA
2026-06-02,Weekly,2019-10-28,2019-11-24,NA,Country,National,333247,NA,261900,NA,53,NA,NA,311427,NA,NA,NA,1549138,NA,NA,NA,351823,NA,NA
2026-06-02,Weekly,2019-10-21,2019-11-17,NA,Country,National,327449,NA,260000,NA,53,NA,NA,323969,NA,NA,NA,1570976,NA,NA,NA,353846,NA,NA
2026-06-02,Weekly,2019-10-14,2019-11-10,NA,Country,National,327981,NA,260000,NA,53,NA,NA,338189,NA,NA,NA,1588230,NA,NA,NA,357106,NA,NA
2026-06-02,Weekly,2019-10-07,2019-11-03,NA,Country,National,328837,NA,260000,NA,52,NA,NA,349520,NA,NA,NA,1599455,NA,NA,NA,359917,NA,NA
2026-06-02,Weekly,2019-09-30,2019-10-27,NA,Country,National,322814,NA,260000,NA,52,NA,NA,365859,NA,NA,NA,1626981,NA,NA,NA,367778,NA,NA
2026-06-02,Weekly,2019-09-23,2019-10-20,NA,Country,National,336526,NA,260000,NA,52,NA,NA,376242,NA,NA,NA,1644624,NA,NA,NA,375419,NA,NA
2026-06-02,Weekly,2019-09-16,2019-10-13,NA,Country,National,345743,NA,260000,NA,51,NA,NA,385128,NA,NA,NA,1653851,NA,NA,NA,382262,NA,NA
2026-06-02,Weekly,2019-09-09,2019-10-06,NA,Country,National,353245,NA,260000,NA,51,NA,NA,394826,NA,NA,NA,1659288,NA,NA,NA,388136,NA,NA
2026-06-02,Weekly,2019-09-02,2019-09-29,NA,Country,National,321892,NA,260000,NA,50,NA,NA,392462,NA,NA,NA,1646206,NA,NA,NA,369969,NA,NA
2026-06-02,Weekly,2019-08-26,2019-09-22,NA,Country,National,349515,NA,260000,NA,49,NA,NA,391246,NA,NA,NA,1668687,NA,NA,NA,380423,NA,NA
2026-06-02,Weekly,2019-08-19,2019-09-15,NA,Country,National,351400,NA,262000,NA,49,NA,NA,390442,NA,NA,NA,1671042,NA,NA,NA,382587,NA,NA
2026-06-02,Weekly,2019-08-12,2019-09-08,NA,Country,National,362768,NA,264000,NA,48,NA,NA,388229,NA,NA,NA,1673917,NA,NA,NA,388177,NA,NA
2026-06-02,Weekly,2019-08-05,2019-09-01,NA,Country,National,379618,NA,264000,NA,48,NA,NA,395168,NA,NA,NA,1679429,NA,NA,NA,405080,NA,NA
2026-06-02,Weekly,2019-07-29,2019-08-25,NA,Country,National,376958,NA,265000,NA,48,NA,NA,409402,NA,NA,NA,1707363,NA,NA,NA,409919,NA,NA
2026-06-02,Weekly,2019-07-22,2019-08-18,NA,Country,National,383403,NA,265000,NA,47,NA,NA,413998,NA,NA,NA,1716085,NA,NA,NA,415697,NA,NA
2026-06-02,Weekly,2019-07-15,2019-08-11,NA,Country,National,387099,NA,265000,NA,47,NA,NA,424038,NA,NA,NA,1725835,NA,NA,NA,422184,NA,NA
2026-06-02,Weekly,2019-07-08,2019-08-04,NA,Country,National,397721,NA,265000,NA,46,NA,NA,438715,NA,NA,NA,1729590,NA,NA,NA,425076,NA,NA
2026-06-02,Weekly,2019-07-01,2019-07-28,NA,Country,National,346635,NA,267000,NA,46,NA,NA,418996,NA,NA,NA,1711940,NA,NA,NA,403480,NA,NA
2026-06-02,Weekly,2019-06-24,2019-07-21,NA,Country,National,386065,NA,269900,NA,45,NA,NA,428939,NA,NA,NA,1734515,NA,NA,NA,419445,NA,NA
2026-06-02,Weekly,2019-06-17,2019-07-14,NA,Country,National,384698,NA,270000,NA,45,NA,NA,434226,NA,NA,NA,1730624,NA,NA,NA,419576,NA,NA
2026-06-02,Weekly,2019-06-10,2019-07-07,NA,Country,National,390194,NA,270000,NA,44,NA,NA,433938,NA,NA,NA,1722653,NA,NA,NA,427669,NA,NA
2026-06-02,Weekly,2019-06-03,2019-06-30,NA,Country,National,412369,NA,270000,NA,44,NA,NA,468446,NA,NA,NA,1742761,NA,NA,NA,447754,NA,NA
2026-06-02,Weekly,2019-05-27,2019-06-23,NA,Country,National,390617,NA,269000,NA,45,NA,NA,467819,NA,NA,NA,1742532,NA,NA,NA,434280,NA,NA
2026-06-02,Weekly,2019-05-20,2019-06-16,NA,Country,National,390668,NA,267000,NA,45,NA,NA,464954,NA,NA,NA,1736766,NA,NA,NA,438153,NA,NA
2026-06-02,Weekly,2019-05-13,2019-06-09,NA,Country,National,386413,NA,265000,NA,45,NA,NA,472781,NA,NA,NA,1728034,NA,NA,NA,437863,NA,NA
2026-06-02,Weekly,2019-05-06,2019-06-02,NA,Country,National,376720,NA,264000,NA,45,NA,NA,470024,NA,NA,NA,1708998,NA,NA,NA,434819,NA,NA
2026-06-02,Weekly,2019-04-29,2019-05-26,NA,Country,National,376593,NA,260290,NA,46,NA,NA,487448,NA,NA,NA,1717040,NA,NA,NA,446879,NA,NA
2026-06-02,Weekly,2019-04-22,2019-05-19,NA,Country,National,367347,NA,260000,NA,47,NA,NA,496437,NA,NA,NA,1708056,NA,NA,NA,440411,NA,NA
2026-06-02,Weekly,2019-04-15,2019-05-12,NA,Country,National,355332,NA,258038,NA,48,NA,NA,477464,NA,NA,NA,1683796,NA,NA,NA,435942,NA,NA
2026-06-02,Weekly,2019-04-08,2019-05-05,NA,Country,National,348118,NA,257000,NA,48,NA,NA,479844,NA,NA,NA,1664826,NA,NA,NA,434020,NA,NA
2026-06-02,Weekly,2019-04-01,2019-04-28,NA,Country,National,305284,NA,255000,NA,50,NA,NA,477860,NA,NA,NA,1635884,NA,NA,NA,420491,NA,NA
2026-06-02,Weekly,2019-03-25,2019-04-21,NA,Country,National,320794,NA,254000,NA,52,NA,NA,465865,NA,NA,NA,1623837,NA,NA,NA,424872,NA,NA
